{
    "available_space": true,
    "id": "z1",
    "size_max": 4.39793586730957,
    "size_mean": 4.39793586730957,
    "size_min": 4.39793586730957,
    "total_size": 4.39793586730957
}